alias,country_normalized
ğŸ‡¬ğŸ‡§,United Kingdom
ğŸ‡ºğŸ‡¸,United States
ae,United Arab Emirates
alemania,Germany
allemagne,Germany
almanya,Germany
america,United States
amsterdam,Netherlands
au,Australia
aus,Australia
azerbaycan,Azerbaijan
bandung,Indonesia
barcelona,Spain
bele m,Brazil
belem,Brazil
belÃ©m,Brazil
belgie,Belgium
belgiÃ«,Belgium
belgique,Belgium
berlin,Germany
bharat,India
bih,Bosnia and Herzegovina
bosnia,Bosnia and Herzegovina
br,Brazil
brasil,Brazil
brazil,Brazil
brÃ©sil,Brazil
britain,United Kingdom
brussels,Belgium
burma,Myanmar
c esko,Czechia
ca,Canada
cairo,Egypt
canada,Canada
canadÃ¡,Canada
catalonia,Spain
cayman islands,Cayman Islands
cesko,Czechia
chian,China
china,China
cn,China
congo kinshasa,Democratic Republic of the Congo
cz,Czechia
czech,Czechia
de,Germany
deutschland,Germany
dubai,United Arab Emirates
dublin,Ireland
ec,Ecuador
egipto,Egypt
egpyt,Egypt
egypt,Egypt
egypte,Egypt
egyptian,Egypt
egypy,Egypt
england uk,United Kingdom
england,United Kingdom
es,Spain
esp,Spain
espagne,Spain
espana,Spain
espaÃ±a,Spain
espanya,Spain
eygpt,Egypt
fr,France
france,France
francia,France
francw,France
fransa,France
frbce,France
french,France
frensh,France
gandia,Spain
gb,United Kingdom
ger,Germany
germ,Germany
germania,Germany
germany,Germany
germnay,Germany
great britain,United Kingdom
hk,Hong Kong
hksar,Hong Kong
holland,Netherlands
hollanda,Netherlands
hong kong,Hong Kong
hong,Hong Kong
hongkong,Hong Kong
i dia,India
ie,Ireland
il,Israel
imdia,India
in,India
ind,India
indai,India
india,India
indis,India
indja,India
indonesia,Indonesia
indua,India
inida,India
iran,Iran
israek,Israel
israel,Israel
isreal,Israel
it,Italy
italia,Italy
italie,Italy
italy,Italy
itsly,Italy
ivory coast,Cote d'Ivoire
jakarta,Indonesia
jndia,India
jp,Japan
kanada,Canada
kingdom of saudi arabia,Saudi Arabia
korea,South Korea
kr,South Korea
ksa,Saudi Arabia
kuala lumpur,Malaysia
kz,Kazakhstan
lima peru,Peru
london,United Kingdom
lux,Luxembourg
macedonia,North Macedonia
madrid,Spain
malaysia,Malaysia
manila,Philippines
maroc,Morocco
merica,United States
montreal,Canada
moscow,Russia
mx,Mexico
my,Malaysia
myanmar burma,Myanmar
nederland,Netherlands
netherlands,Netherlands
new caledonia,New Caledonia
new york,United States
niemcy,Germany
nl,Netherlands
north korea,North Korea
nz,New Zealand
osterreich,Austria
Ã¶sterreich,Austria
ottawa,Canada
pakistan,Pakistan
paris,France
persia,Iran
philippines,Philippines
phl,Philippines
pk,Pakistan
pl,Poland
poland,Poland
polen,Poland
polska,Poland
prc,China
pt,Portugal
raleigh nc,United States
reino unido,United Kingdom
republicadominicana,Dominican Republic
republica dominicana,Dominican Republic
repÃºblica dominicana,Dominican Republic
rf,Russia
rio,Brazil
riyadh,Saudi Arabia
rok,South Korea
rome,Italy
rossiya,Russia
royaume uni,United Kingdom
ru,Russia
russia,Russia
russian,Russia
russie,Russia
sa,Saudi Arabia
sao paulo,Brazil
sÃ£o paulo,Brazil
saudi,Saudi Arabia
schweiz,Switzerland
scotland,United Kingdom
seoul,South Korea
sk,Slovakia
soain,Spain
south korea,South Korea
spain,Spain
st lucia,Saint Lucia
st lucian,Saint Lucia
suisse,Switzerland
sverige,Sweden
svizzera,Switzerland
taipei,Taiwan
taiwan,Taiwan
tamilnadu,India
tehran,Iran
toronto,Canada
tr,Turkey
trinidad,Trinidad and Tobago
tunis,Tunisia
turkiye,Turkey
tÃ¼rkiye,Turkey
ua,Ukraine
uae,United Arab Emirates
uk,United Kingdom
uk,United Kingdom
united kingdom,United Kingdom
united state,United States
united stated,United States
united states america,United States
united states,United States
us,United States
usa,United States
valencia,Spain
vietnamese,Vietnam
virginia,United States
vn,Vietnam
wales,United Kingdom
zanzibar,Tanzania
ÎµÎ»Î»Î± Î´Î±,Greece
ÎµÎ»Î»Î¬Î´Î±,Greece
Ğ±ĞµĞ»Ğ°Ñ€ÑƒÑÑŒ,Belarus
Ğ³ĞµÑ€Ğ¼Ğ°Ğ½Ğ¸Ñ,Germany
Ğ¸Ñ‚Ğ°Ğ»Ğ¸Ñ,Italy
ĞºĞ°Ğ·Ğ°Ñ…ÑÑ‚Ğ°Ğ½,Kazakhstan
ĞºĞ°Ğ½Ğ°Ğ´Ğ°,Canada
Ğ»Ğ°Ñ‚Ğ²Ğ¸Ñ,Latvia
Ğ½Ğ¸Ğ´ĞµÑ€Ğ»Ğ°Ğ½Ğ´Ñ‹,Netherlands
Ğ¿Ğ¾Ğ»ÑŒÑˆĞ°,Poland
Ñ€Ğ¾ÑÑĞ¸Ñ,Russia
Ñ€ÑƒÑÑĞ¸Ñ,Russia
ÑƒĞºÑ€Ğ°Ğ¸Ğ½Ğ°,Ukraine
ÑƒĞºÑ€Ğ°Ñ–Ğ½Ğ°,Ukraine
ÑƒĞºÑ€Ğ°Ñ—Ğ½Ğ°,Ukraine
×™×©×¨××œ,Israel
Ø§Ù„Ù…Ù…Ù„ÙƒØ©Ø§Ù„Ø¹Ø±Ø¨ÙŠØ©Ø§Ù„Ø³Ø¹ÙˆØ¯ÙŠØ©,Saudi Arabia
Ø§Ù„ÙŠÙ…Ù†,Yemen
Ø§ÛŒØ±Ø§Ù†,Iran
Ú©Ø§Ù†Ø§Ø¯Ø§,Canada
Ù…ØµØ±,Egypt
ëŒ€í•œë¯¼êµ­,South Korea
ä¸­å›½,China
ä¸­å›½é¦™æ¸¯ç‰¹åˆ«è¡Œæ”¿åŒº,Hong Kong
ä¸¹éº¦,Denmark
åŠ æ‹¿å¤§,Canada
å°ç£,Taiwan
å¾·å›½,Germany
æ–°è¥¿å…°,New Zealand
æ—¥æœ¬,Japan
æ³•å›½,France
æ³•åœ‹,France
æ¾³å¤§åˆ©äºš,Australia
ç‘å…¸,Sweden
ç¾å›½,United States
è‹±å›½,United Kingdom
è·å…°,Netherlands
è·è˜­,Netherlands
è¥¿ç­ç‰™,Spain
é¦™æ¸¯,Hong Kong
é©¬æ¥è¥¿äºš,Malaysia
ëŒ€í•œë¯¼êµ­,South Korea
ÑƒĞ·Ğ±ĞµĞºĞ¸ÑÑ‚Ğ°Ğ½,Uzbekistan
infia,India
indiq,India
brasile,Brazil